CREATE DATABASE  IF NOT EXISTS `bigshop` /*!40100 DEFAULT CHARACTER SET utf8 */;
USE `bigshop`;
-- MySQL dump 10.13  Distrib 5.7.17, for macos10.12 (x86_64)
--
-- Host: big-shop.cj170fycavad.us-east-1.rds.amazonaws.com    Database: bigshop
-- ------------------------------------------------------
-- Server version	5.7.22-log

/*!40101 SET @OLD_CHARACTER_SET_CLIENT=@@CHARACTER_SET_CLIENT */;
/*!40101 SET @OLD_CHARACTER_SET_RESULTS=@@CHARACTER_SET_RESULTS */;
/*!40101 SET @OLD_COLLATION_CONNECTION=@@COLLATION_CONNECTION */;
/*!40101 SET NAMES utf8 */;
/*!40103 SET @OLD_TIME_ZONE=@@TIME_ZONE */;
/*!40103 SET TIME_ZONE='+00:00' */;
/*!40014 SET @OLD_UNIQUE_CHECKS=@@UNIQUE_CHECKS, UNIQUE_CHECKS=0 */;
/*!40014 SET @OLD_FOREIGN_KEY_CHECKS=@@FOREIGN_KEY_CHECKS, FOREIGN_KEY_CHECKS=0 */;
/*!40101 SET @OLD_SQL_MODE=@@SQL_MODE, SQL_MODE='NO_AUTO_VALUE_ON_ZERO' */;
/*!40111 SET @OLD_SQL_NOTES=@@SQL_NOTES, SQL_NOTES=0 */;

--
-- Table structure for table `department`
--

DROP TABLE IF EXISTS `department`;
/*!40101 SET @saved_cs_client     = @@character_set_client */;
/*!40101 SET character_set_client = utf8 */;
CREATE TABLE `department` (
  `id` int(11) NOT NULL AUTO_INCREMENT COMMENT 'primary key',
  `name` varchar(255) NOT NULL,
  `created_at` datetime NOT NULL DEFAULT CURRENT_TIMESTAMP,
  `updated_at` datetime NOT NULL DEFAULT CURRENT_TIMESTAMP ON UPDATE CURRENT_TIMESTAMP,
  PRIMARY KEY (`id`),
  UNIQUE KEY `name` (`name`)
) ENGINE=InnoDB AUTO_INCREMENT=4 DEFAULT CHARSET=utf8;
/*!40101 SET character_set_client = @saved_cs_client */;

--
-- Dumping data for table `department`
--

LOCK TABLES `department` WRITE;
/*!40000 ALTER TABLE `department` DISABLE KEYS */;
INSERT INTO `department` VALUES (1,'vegetables','2021-02-04 22:47:13','2021-02-04 22:47:13'),(2,'meat and fish','2021-02-04 22:47:13','2021-02-04 22:47:13'),(3,'other','2021-02-04 22:47:13','2021-02-04 22:47:13');
/*!40000 ALTER TABLE `department` ENABLE KEYS */;
UNLOCK TABLES;

--
-- Table structure for table `ingredient`
--

DROP TABLE IF EXISTS `ingredient`;
/*!40101 SET @saved_cs_client     = @@character_set_client */;
/*!40101 SET character_set_client = utf8 */;
CREATE TABLE `ingredient` (
  `id` int(11) NOT NULL AUTO_INCREMENT COMMENT 'primary key',
  `name` varchar(255) NOT NULL,
  `created_at` datetime NOT NULL DEFAULT CURRENT_TIMESTAMP,
  `updated_at` datetime NOT NULL DEFAULT CURRENT_TIMESTAMP ON UPDATE CURRENT_TIMESTAMP,
  PRIMARY KEY (`id`),
  UNIQUE KEY `name` (`name`),
  UNIQUE KEY `name_2` (`name`)
) ENGINE=InnoDB AUTO_INCREMENT=503 DEFAULT CHARSET=latin1;
/*!40101 SET character_set_client = @saved_cs_client */;

--
-- Dumping data for table `ingredient`
--

LOCK TABLES `ingredient` WRITE;
/*!40000 ALTER TABLE `ingredient` DISABLE KEYS */;
INSERT INTO `ingredient` VALUES (1,'potato','2020-06-07 15:29:47','2020-06-07 15:29:47'),(2,'minced beef','2020-06-07 15:41:38','2020-06-07 15:41:38'),(3,'lemon','2020-06-07 15:41:55','2020-06-07 15:41:55'),(4,'onion','2020-06-08 20:32:48','2020-06-08 20:32:48'),(5,'carrot','2020-06-08 20:32:55','2020-06-08 20:32:55'),(7,'Worcestershire Sauce','2020-06-08 20:33:20','2020-06-08 20:33:20'),(8,'Tomato Puree','2020-06-08 20:33:28','2020-06-08 20:33:28'),(9,'Thyme','2020-06-08 20:33:37','2020-06-08 20:33:37'),(10,'Rosemary','2020-06-08 20:33:43','2020-06-08 20:33:43'),(11,'Chicken Stock','2020-06-08 20:33:49','2020-06-08 20:33:49'),(12,'Spaghetti','2020-06-08 22:54:31','2020-06-08 22:54:31'),(14,'Mixed herbs','2020-06-08 22:54:55','2020-06-08 22:54:55'),(15,'Beef Stock','2020-06-08 22:55:10','2020-06-08 22:55:10'),(16,'Parmesan','2020-06-08 22:55:20','2020-06-08 22:55:20'),(17,'Mushrooms','2020-06-08 22:58:40','2020-06-08 22:58:40'),(18,'Egg','2020-06-14 21:46:57','2020-06-14 21:46:57'),(19,'Fish Mix','2020-06-14 21:46:57','2020-06-14 21:46:57'),(21,'Pork mince','2020-06-14 22:38:06','2020-06-14 22:38:06'),(22,'Chorizo','2020-06-14 22:38:06','2020-06-14 22:38:06'),(23,'Water Biscuits','2020-06-14 22:38:06','2020-06-14 22:38:06'),(24,'Gherkins','2020-06-14 22:38:06','2020-06-14 22:38:06'),(25,'Mayonnaise','2020-06-14 22:38:06','2020-06-14 22:38:06'),(26,'Sriracha Sauce','2020-06-14 22:38:06','2020-06-14 22:38:06'),(47,'Garlic Clove','2020-06-20 12:12:15','2020-06-20 12:12:15'),(48,'Pancetta','2020-06-20 12:12:15','2020-06-20 12:12:15'),(49,'Haricot Beans','2020-06-20 12:12:15','2020-06-20 12:12:15'),(50,'Curly Pasta','2020-06-20 12:12:15','2020-06-20 12:12:15'),(51,'Curly Kale','2020-06-20 12:12:15','2020-06-20 12:12:15'),(52,'Parsley','2020-06-20 12:12:15','2020-06-20 12:12:15'),(57,'White Bread','2020-06-20 12:17:37','2020-06-20 12:17:37'),(58,'Minced Pork','2020-06-20 12:17:37','2020-06-20 12:17:37'),(59,'Flour','2020-06-20 12:17:37','2020-06-20 12:17:37'),(60,'Bay Leaf','2020-06-20 12:17:37','2020-06-20 12:17:37'),(69,'Beef Joint','2020-06-20 12:22:39','2020-06-20 12:22:39'),(70,'Cabbage','2020-06-20 12:22:39','2020-06-20 12:22:39'),(71,'Carrots','2020-06-20 12:22:39','2020-06-20 12:22:39'),(72,'Shallot','2020-06-20 12:22:39','2020-06-20 12:22:39'),(73,'Plain Flour','2020-06-20 12:22:39','2020-06-20 12:22:39'),(74,'Almond Milk','2020-06-20 12:22:39','2020-06-20 12:22:39'),(80,'Sausage','2020-06-20 12:26:17','2020-06-20 12:26:17'),(81,'White Wine','2020-06-20 12:26:17','2020-06-20 12:26:17'),(82,'New Potato','2020-06-20 12:26:17','2020-06-20 12:26:17'),(83,'Peas','2020-06-20 12:26:17','2020-06-20 12:26:17'),(89,'Cumin Seeds','2020-06-20 12:30:52','2020-06-20 12:30:52'),(90,'Mustard Seeds','2020-06-20 12:30:52','2020-06-20 12:30:52'),(91,'Asafetida','2020-06-20 12:30:52','2020-06-20 12:30:52'),(92,'Cauliflower','2020-06-20 12:30:52','2020-06-20 12:30:52'),(93,'Turmeric','2020-06-20 12:30:52','2020-06-20 12:30:52'),(94,'Ground Coriander','2020-06-20 12:30:52','2020-06-20 12:30:52'),(95,'Sugar','2020-06-20 12:30:52','2020-06-20 12:30:52'),(96,'Tomato','2020-06-20 12:30:52','2020-06-20 12:30:52'),(97,'Coriander','2020-06-20 12:30:52','2020-06-20 12:30:52'),(98,'Green Chilli','2020-06-20 12:30:52','2020-06-20 12:30:52'),(99,'Ginger','2020-06-20 12:30:52','2020-06-20 12:30:52'),(101,'Basmati Rice','2020-06-20 12:32:28','2020-06-20 12:32:28'),(114,'Arborio Rice','2020-06-20 13:20:14','2020-06-20 13:20:14'),(123,'Ground Cumin','2020-06-20 13:27:01','2020-06-20 13:27:01'),(124,'Chilli Powder','2020-06-20 13:27:01','2020-06-20 13:27:01'),(125,'Cayenne Powder','2020-06-20 13:27:01','2020-06-20 13:27:01'),(126,'Garlic Powder','2020-06-20 13:27:01','2020-06-20 13:27:01'),(127,'Onion Powder','2020-06-20 13:27:01','2020-06-20 13:27:01'),(128,'Salt','2020-06-20 13:27:01','2020-06-20 13:27:01'),(129,'Kidney beans','2020-06-20 13:27:01','2020-06-20 13:27:01'),(137,'Diced Lamb','2020-06-21 22:48:36','2020-06-21 22:48:36'),(138,'Curry Leaves','2020-06-21 22:48:36','2020-06-21 22:48:36'),(139,'Chicken Breast','2020-06-27 23:14:03','2020-06-27 23:14:03'),(141,'Leek','2020-07-05 11:44:07','2020-07-05 11:44:07'),(142,'Nutmeg','2020-07-05 11:44:07','2020-07-05 11:44:07'),(143,'Shortcrust Pastry','2020-07-05 11:44:07','2020-07-05 11:44:07'),(144,'Margarine','2020-07-05 11:44:07','2020-07-05 11:44:07'),(154,'Duck Breast','2020-07-05 11:47:16','2020-07-05 11:47:16'),(155,'Savoy Cabbage','2020-07-05 11:47:16','2020-07-05 11:47:16'),(156,'Bacon Rashers','2020-07-05 11:47:16','2020-07-05 11:47:16'),(158,'Chopped Tomatoes','2020-07-05 16:33:18','2020-07-05 16:33:18'),(159,'Fresh Pasta','2020-07-11 10:50:47','2020-07-11 10:50:47'),(160,'Red Chilli','2020-07-11 10:50:47','2020-07-11 10:50:47'),(167,'Salmon','2020-07-11 11:50:29','2020-07-11 11:50:29'),(168,'Spring Onions','2020-07-11 11:50:29','2020-07-11 11:50:29'),(169,'Red Pepper','2020-07-11 11:50:29','2020-07-11 11:50:29'),(170,'Breadcrumbs','2020-07-11 11:50:29','2020-07-11 11:50:29'),(171,'Salad','2020-07-11 11:50:29','2020-07-11 11:50:29'),(174,'Cinnamon Stick','2020-07-11 12:01:48','2020-07-11 12:01:48'),(175,'Cardamom Pod','2020-07-11 12:01:48','2020-07-11 12:01:48'),(176,'Clove','2020-07-11 12:01:48','2020-07-11 12:01:48'),(177,'Single Cream','2020-07-11 12:01:48','2020-07-11 12:01:48'),(215,'Tuna','2020-07-19 12:50:59','2020-07-19 12:50:59'),(216,'Lettuce','2020-07-19 12:50:59','2020-07-19 12:50:59'),(217,'Anchovies','2020-07-19 12:50:59','2020-07-19 12:50:59'),(218,'Plum Tomato','2020-07-19 12:50:59','2020-07-19 12:50:59'),(219,'Salad Dressing','2020-07-19 12:50:59','2020-07-19 12:50:59'),(222,'Paella Rice','2020-07-19 12:56:18','2020-07-19 12:56:18'),(223,'Paprika','2020-07-19 12:56:18','2020-07-19 12:56:18'),(224,'Saffron','2020-07-19 12:56:18','2020-07-19 12:56:18'),(225,'Chilli Flakes','2020-07-19 12:56:18','2020-07-19 12:56:18'),(226,'Prawns','2020-07-19 12:56:18','2020-07-19 12:56:18'),(235,'Green beans','2020-07-19 12:58:03','2020-07-19 12:58:03'),(238,'Radish','2020-07-26 10:57:54','2020-07-26 10:57:54'),(239,'Cucumber','2020-07-26 10:57:54','2020-07-26 10:57:54'),(248,'Soy Sauce','2020-07-26 11:02:20','2020-07-26 11:02:20'),(249,'Honey','2020-07-26 11:02:20','2020-07-26 11:02:20'),(250,'Hoisin Sauce','2020-07-26 11:02:20','2020-07-26 11:02:20'),(259,'Sesame Seeds','2020-07-26 11:02:56','2020-07-26 11:02:56'),(271,'Lamb Mince','2020-07-26 11:13:05','2020-07-26 11:13:05'),(272,'Ground Cinnamon','2020-07-26 11:13:05','2020-07-26 11:13:05'),(273,'Red Onion','2020-07-26 11:13:05','2020-07-26 11:13:05'),(274,'Pomegranate Seeds','2020-07-26 11:13:05','2020-07-26 11:13:05'),(275,'Mint','2020-07-26 11:13:05','2020-07-26 11:13:05'),(288,'Chicken Thighs (Boneless)','2020-07-26 11:28:38','2020-07-26 11:28:38'),(289,'Yoghurt','2020-07-26 11:28:38','2020-07-26 11:28:38'),(290,'Gram Flour','2020-07-26 11:28:38','2020-07-26 11:28:38'),(291,'Garam Masala','2020-07-26 11:28:38','2020-07-26 11:28:38'),(292,'Chaat Masala','2020-07-26 11:28:38','2020-07-26 11:28:38'),(293,'Double Cream','2020-07-26 11:28:38','2020-07-26 11:28:38'),(309,'Lamb Rack','2020-07-26 11:33:39','2020-07-26 11:33:39'),(316,'Cheese','2020-07-26 11:39:12','2020-07-26 11:39:12'),(317,'Cornflour','2020-07-26 11:39:12','2020-07-26 11:39:12'),(318,'Sliced Almonds','2020-07-26 11:39:12','2020-07-26 11:39:12'),(322,'Egg Whites','2020-07-26 11:40:53','2020-07-26 11:40:53'),(323,'Caster Sugar','2020-07-26 11:40:53','2020-07-26 11:40:53'),(324,'Icing Sugar','2020-07-26 11:40:53','2020-07-26 11:40:53'),(325,'Ground Almonds','2020-07-26 11:40:53','2020-07-26 11:40:53'),(326,'Vanilla Extract','2020-07-26 11:40:53','2020-07-26 11:40:53'),(328,'Pork Chop','2020-07-26 11:45:29','2020-07-26 11:45:29'),(329,'Dijon Mustard','2020-07-26 11:45:29','2020-07-26 11:45:29'),(330,'Parsely','2020-07-26 11:45:29','2020-07-26 11:45:29'),(338,'Bread Slices','2020-07-26 11:50:23','2020-07-26 11:50:23'),(339,'Gruyere Cheese','2020-07-26 11:50:23','2020-07-26 11:50:23'),(340,'King Prawns','2020-07-26 11:50:23','2020-07-26 11:50:23'),(341,'Sesame Oil','2020-07-26 11:50:23','2020-07-26 11:50:23'),(342,'Basil','2020-07-26 11:50:23','2020-07-26 11:50:23'),(343,'Lime','2020-07-26 11:50:23','2020-07-26 11:50:23'),(350,'Muscovado Sugar','2020-07-26 11:51:50','2020-07-26 11:51:50'),(351,'Golden Syrup','2020-07-26 11:51:50','2020-07-26 11:51:50'),(352,'Self Raising Flour','2020-07-26 11:51:50','2020-07-26 11:51:50'),(353,'Smarties Tubes','2020-07-26 11:51:50','2020-07-26 11:51:50'),(355,'Apples','2020-07-26 11:55:16','2020-07-26 11:55:16'),(356,'Brown Sugar','2020-07-26 11:55:16','2020-07-26 11:55:16'),(357,'Oats','2020-07-26 11:55:16','2020-07-26 11:55:16'),(358,'Demerera Sugar','2020-07-26 11:55:16','2020-07-26 11:55:16'),(359,'Custard','2020-07-26 11:55:16','2020-07-26 11:55:16'),(364,'Gammon Joint','2020-07-26 11:59:42','2020-07-26 11:59:42'),(365,'Cider','2020-07-26 11:59:42','2020-07-26 11:59:42'),(369,'Hash Browns','2020-07-26 12:04:11','2020-07-26 12:04:11'),(390,'Chipotle Chilli Powder','2020-10-04 11:45:28','2020-10-04 11:45:28'),(391,'Liquid Smoke','2020-10-04 11:45:28','2020-10-04 11:45:28'),(392,'Tortilla Wraps','2020-10-04 11:45:28','2020-10-04 11:45:28'),(400,'Laksa Spice Paste','2020-10-18 11:19:06','2020-10-18 11:19:06'),(401,'Coconut Milk','2020-10-18 11:19:06','2020-10-18 11:19:06'),(402,'Noodles','2020-10-18 11:19:06','2020-10-18 11:19:06'),(404,'Diced Pork Shoulder','2020-10-18 11:34:59','2020-10-18 11:34:59'),(405,'Chuck Steak','2020-10-18 11:34:59','2020-10-18 11:34:59'),(406,'Nduja','2020-10-18 11:34:59','2020-10-18 11:34:59'),(407,'Mozzarella','2020-10-18 11:34:59','2020-10-18 11:34:59'),(416,'Rigatoni','2020-10-18 12:00:32','2020-10-18 12:00:32'),(426,'OO Flour','2020-10-24 14:34:47','2020-10-24 14:34:47'),(433,'Curry powder','2020-10-24 14:50:22','2020-10-24 14:50:22'),(434,'White Rice','2020-10-24 14:50:22','2020-10-24 14:50:22'),(449,'Celery Stick','2021-01-10 15:25:07','2021-01-10 15:25:07'),(450,'Lasagne Sheets','2021-01-10 15:25:07','2021-01-10 15:25:07'),(462,'Chicken Leg','2021-01-16 16:59:21','2021-01-16 16:59:21'),(463,'Bacon Rashers (Smoked)','2021-01-16 16:59:21','2021-01-16 16:59:21'),(464,'Brandy','2021-01-16 16:59:21','2021-01-16 16:59:21'),(472,'Egg Yolk','2021-01-16 17:00:27','2021-01-16 17:00:27'),(475,'Linguine','2021-01-16 17:04:00','2021-01-16 17:04:00'),(476,'Spinach','2021-01-16 17:04:00','2021-01-16 17:04:00'),(483,'Burger Bun','2021-01-16 17:06:55','2021-01-16 17:06:55');
/*!40000 ALTER TABLE `ingredient` ENABLE KEYS */;
UNLOCK TABLES;

--
-- Table structure for table `ingredient_department`
--

DROP TABLE IF EXISTS `ingredient_department`;
/*!40101 SET @saved_cs_client     = @@character_set_client */;
/*!40101 SET character_set_client = utf8 */;
CREATE TABLE `ingredient_department` (
  `id` int(11) NOT NULL AUTO_INCREMENT COMMENT 'primary key',
  `department_id` int(11) NOT NULL COMMENT 'foreign key into department table',
  `ingredient_id` int(11) NOT NULL COMMENT 'foreign key into ingredient table',
  `created_at` datetime NOT NULL DEFAULT CURRENT_TIMESTAMP,
  `updated_at` datetime NOT NULL DEFAULT CURRENT_TIMESTAMP ON UPDATE CURRENT_TIMESTAMP,
  PRIMARY KEY (`id`),
  KEY `fk_ingredient_department_department_id` (`department_id`),
  KEY `fk_ingredient_department_ingredient_id` (`ingredient_id`),
  CONSTRAINT `fk_ingredient_department_department_id` FOREIGN KEY (`department_id`) REFERENCES `department` (`id`),
  CONSTRAINT `fk_ingredient_department_ingredient_id` FOREIGN KEY (`ingredient_id`) REFERENCES `ingredient` (`id`)
) ENGINE=InnoDB AUTO_INCREMENT=66 DEFAULT CHARSET=utf8;
/*!40101 SET character_set_client = @saved_cs_client */;

--
-- Dumping data for table `ingredient_department`
--

LOCK TABLES `ingredient_department` WRITE;
/*!40000 ALTER TABLE `ingredient_department` DISABLE KEYS */;
INSERT INTO `ingredient_department` VALUES (1,1,1,'2021-02-04 22:58:42','2021-02-04 22:58:42'),(2,2,2,'2021-02-04 22:58:42','2021-02-04 22:58:42'),(3,1,3,'2021-02-04 22:58:42','2021-02-04 22:58:42'),(4,1,4,'2021-02-04 22:58:42','2021-02-04 22:58:42'),(5,1,5,'2021-02-04 22:58:42','2021-02-04 22:58:42'),(6,1,9,'2021-02-04 22:58:42','2021-02-04 22:58:42'),(7,1,10,'2021-02-04 22:58:42','2021-02-04 22:58:42'),(8,1,17,'2021-02-04 22:58:42','2021-02-04 22:58:42'),(9,2,19,'2021-02-04 22:58:42','2021-02-04 22:58:42'),(10,2,21,'2021-02-04 22:58:42','2021-02-04 22:58:42'),(11,2,22,'2021-02-04 22:58:42','2021-02-04 22:58:42'),(12,1,47,'2021-02-04 22:58:42','2021-02-04 22:58:42'),(13,2,48,'2021-02-04 22:58:42','2021-02-04 22:58:42'),(14,1,51,'2021-02-04 22:58:42','2021-02-04 22:58:42'),(15,1,52,'2021-02-04 22:58:42','2021-02-04 22:58:42'),(16,2,58,'2021-02-04 22:58:42','2021-02-04 22:58:42'),(17,2,69,'2021-02-04 22:58:42','2021-02-04 22:58:42'),(18,1,70,'2021-02-04 22:58:42','2021-02-04 22:58:42'),(19,1,71,'2021-02-04 22:58:42','2021-02-04 22:58:42'),(20,1,72,'2021-02-04 22:58:42','2021-02-04 22:58:42'),(21,2,80,'2021-02-04 22:58:42','2021-02-04 22:58:42'),(22,1,82,'2021-02-04 22:58:42','2021-02-04 22:58:42'),(23,1,92,'2021-02-04 22:58:42','2021-02-04 22:58:42'),(24,1,96,'2021-02-04 22:58:42','2021-02-04 22:58:42'),(25,1,97,'2021-02-04 22:58:42','2021-02-04 22:58:42'),(26,1,97,'2021-02-04 22:58:42','2021-02-04 22:58:42'),(27,1,97,'2021-02-04 22:58:42','2021-02-04 22:58:42'),(28,2,137,'2021-02-04 22:58:42','2021-02-04 22:58:42'),(29,2,139,'2021-02-04 22:58:42','2021-02-04 22:58:42'),(30,1,141,'2021-02-04 22:58:42','2021-02-04 22:58:42'),(31,2,154,'2021-02-04 22:58:42','2021-02-04 22:58:42'),(32,1,155,'2021-02-04 22:58:42','2021-02-04 22:58:42'),(33,2,156,'2021-02-04 22:58:42','2021-02-04 22:58:42'),(34,1,160,'2021-02-04 22:58:42','2021-02-04 22:58:42'),(35,2,167,'2021-02-04 22:58:42','2021-02-04 22:58:42'),(36,1,168,'2021-02-04 22:58:42','2021-02-04 22:58:42'),(37,1,169,'2021-02-04 22:58:42','2021-02-04 22:58:42'),(38,1,171,'2021-02-04 22:58:42','2021-02-04 22:58:42'),(39,2,215,'2021-02-04 22:58:42','2021-02-04 22:58:42'),(40,1,216,'2021-02-04 22:58:42','2021-02-04 22:58:42'),(41,1,218,'2021-02-04 22:58:42','2021-02-04 22:58:42'),(42,2,226,'2021-02-04 22:58:42','2021-02-04 22:58:42'),(43,1,235,'2021-02-04 22:58:42','2021-02-04 22:58:42'),(44,1,238,'2021-02-04 22:58:42','2021-02-04 22:58:42'),(45,1,239,'2021-02-04 22:58:42','2021-02-04 22:58:42'),(46,2,271,'2021-02-04 22:58:42','2021-02-04 22:58:42'),(47,1,273,'2021-02-04 22:58:42','2021-02-04 22:58:42'),(48,1,274,'2021-02-04 22:58:42','2021-02-04 22:58:42'),(49,1,275,'2021-02-04 22:58:42','2021-02-04 22:58:42'),(50,2,288,'2021-02-04 22:58:42','2021-02-04 22:58:42'),(51,2,309,'2021-02-04 22:58:42','2021-02-04 22:58:42'),(52,2,328,'2021-02-04 22:58:42','2021-02-04 22:58:42'),(53,1,330,'2021-02-04 22:58:42','2021-02-04 22:58:42'),(54,2,340,'2021-02-04 22:58:42','2021-02-04 22:58:42'),(55,1,342,'2021-02-04 22:58:42','2021-02-04 22:58:42'),(56,1,343,'2021-02-04 22:58:42','2021-02-04 22:58:42'),(57,1,355,'2021-02-04 22:58:42','2021-02-04 22:58:42'),(58,2,364,'2021-02-04 22:58:42','2021-02-04 22:58:42'),(59,2,404,'2021-02-04 22:58:42','2021-02-04 22:58:42'),(60,2,405,'2021-02-04 22:58:42','2021-02-04 22:58:42'),(61,2,406,'2021-02-04 22:58:42','2021-02-04 22:58:42'),(62,1,449,'2021-02-04 22:58:42','2021-02-04 22:58:42'),(63,2,462,'2021-02-04 22:58:42','2021-02-04 22:58:42'),(64,2,463,'2021-02-04 22:58:42','2021-02-04 22:58:42'),(65,1,476,'2021-02-04 22:58:42','2021-02-04 22:58:42');
/*!40000 ALTER TABLE `ingredient_department` ENABLE KEYS */;
UNLOCK TABLES;

--
-- Table structure for table `list`
--

DROP TABLE IF EXISTS `list`;
/*!40101 SET @saved_cs_client     = @@character_set_client */;
/*!40101 SET character_set_client = utf8 */;
CREATE TABLE `list` (
  `id` int(11) NOT NULL AUTO_INCREMENT COMMENT 'primary key',
  `user_id` int(11) NOT NULL,
  `name` varchar(255) NOT NULL,
  `type` varchar(10) NOT NULL,
  `unit_id` int(11) NOT NULL,
  `recipe_id` int(11) DEFAULT NULL,
  `quantity` varchar(20) NOT NULL COMMENT 'mixed number',
  `is_bought` tinyint(1) NOT NULL,
  `created_at` datetime NOT NULL DEFAULT CURRENT_TIMESTAMP,
  `updated_at` datetime NOT NULL DEFAULT CURRENT_TIMESTAMP ON UPDATE CURRENT_TIMESTAMP,
  `department` varchar(255) DEFAULT NULL,
  PRIMARY KEY (`id`),
  KEY `fk_list_unit_id` (`unit_id`),
  CONSTRAINT `fk_list_unit_id` FOREIGN KEY (`unit_id`) REFERENCES `unit` (`id`)
) ENGINE=InnoDB AUTO_INCREMENT=1818 DEFAULT CHARSET=latin1;
/*!40101 SET character_set_client = @saved_cs_client */;

--
-- Dumping data for table `list`
--

LOCK TABLES `list` WRITE;
/*!40000 ALTER TABLE `list` DISABLE KEYS */;
INSERT INTO `list` VALUES (1816,1,'foo','extra',1,NULL,'0',0,'2021-02-01 23:48:08','2021-02-01 23:48:08',NULL),(1817,1,'bar','extra',1,NULL,'0',0,'2021-02-01 23:48:11','2021-02-01 23:48:11',NULL);
/*!40000 ALTER TABLE `list` ENABLE KEYS */;
UNLOCK TABLES;

--
-- Table structure for table `part`
--

DROP TABLE IF EXISTS `part`;
/*!40101 SET @saved_cs_client     = @@character_set_client */;
/*!40101 SET character_set_client = utf8 */;
CREATE TABLE `part` (
  `id` int(11) NOT NULL AUTO_INCREMENT COMMENT 'primary key',
  `recipe_id` int(11) NOT NULL COMMENT 'foreign key into recipe table',
  `ingredient_id` int(11) NOT NULL COMMENT 'foreign key into ingredient table',
  `unit_id` int(11) NOT NULL COMMENT 'foreign key into unit table',
  `quantity` varchar(20) NOT NULL COMMENT 'mixed number',
  `created_at` datetime NOT NULL DEFAULT CURRENT_TIMESTAMP,
  `updated_at` datetime NOT NULL DEFAULT CURRENT_TIMESTAMP ON UPDATE CURRENT_TIMESTAMP,
  PRIMARY KEY (`id`),
  KEY `fk_part_recipe_id` (`recipe_id`),
  KEY `fk_part_ingredient_id` (`ingredient_id`),
  KEY `fk_part_unit_id` (`unit_id`),
  CONSTRAINT `fk_part_ingredient_id` FOREIGN KEY (`ingredient_id`) REFERENCES `ingredient` (`id`),
  CONSTRAINT `fk_part_recipe_id` FOREIGN KEY (`recipe_id`) REFERENCES `recipe` (`id`),
  CONSTRAINT `fk_part_unit_id` FOREIGN KEY (`unit_id`) REFERENCES `unit` (`id`)
) ENGINE=InnoDB AUTO_INCREMENT=505 DEFAULT CHARSET=latin1;
/*!40101 SET character_set_client = @saved_cs_client */;

--
-- Dumping data for table `part`
--

LOCK TABLES `part` WRITE;
/*!40000 ALTER TABLE `part` DISABLE KEYS */;
INSERT INTO `part` VALUES (13,2,12,2,'200','2020-06-08 23:01:56','2020-06-08 23:01:56'),(14,2,2,2,'500','2020-06-08 23:02:14','2020-06-08 23:02:14'),(15,2,158,9,'1','2020-06-08 23:02:33','2020-07-05 16:34:10'),(16,2,4,1,'1','2020-06-08 23:02:44','2020-06-08 23:02:44'),(17,2,47,1,'3','2020-06-08 23:02:59','2020-07-05 16:25:23'),(18,2,8,5,'2','2020-06-08 23:03:18','2020-06-08 23:03:18'),(19,2,15,6,'200','2020-06-08 23:03:32','2020-06-08 23:03:32'),(20,2,17,2,'150','2020-06-08 23:03:54','2020-06-08 23:03:54'),(21,7,1,2,'600','2020-06-14 21:46:57','2020-06-14 21:46:57'),(22,7,18,1,'2','2020-06-14 21:46:57','2020-06-14 21:46:57'),(23,7,19,1,'1','2020-06-14 21:46:57','2020-06-14 21:46:57'),(40,1,1,3,'1','2020-06-15 23:51:12','2020-06-15 23:51:12'),(41,1,2,2,'800','2020-06-15 23:51:12','2020-06-15 23:51:12'),(42,1,4,1,'1','2020-06-15 23:51:12','2020-06-15 23:51:12'),(43,1,5,1,'1','2020-06-15 23:51:12','2020-06-15 23:51:12'),(44,1,47,1,'2','2020-06-15 23:51:12','2020-07-05 16:25:23'),(45,1,7,5,'2','2020-06-15 23:51:12','2020-06-15 23:51:12'),(46,1,8,5,'1','2020-06-15 23:51:12','2020-06-15 23:51:12'),(47,1,9,1,'1','2020-06-15 23:51:12','2020-06-15 23:51:12'),(48,1,10,1,'1','2020-06-15 23:51:12','2020-06-15 23:51:12'),(49,1,11,6,'300','2020-06-15 23:51:12','2020-06-15 23:51:12'),(50,9,4,1,'1','2020-06-20 12:12:15','2020-06-20 12:12:15'),(51,9,47,1,'2','2020-06-20 12:12:15','2020-06-20 12:12:15'),(52,9,10,8,'1','2020-06-20 12:12:15','2020-06-20 12:12:15'),(53,9,48,1,'2','2020-06-20 12:12:15','2020-06-20 12:12:15'),(54,9,49,9,'1','2020-06-20 12:12:15','2020-06-20 12:12:15'),(55,9,158,9,'1','2020-06-20 12:12:15','2020-07-05 16:34:10'),(56,9,11,6,'500','2020-06-20 12:12:15','2020-06-20 12:12:15'),(57,9,50,2,'80','2020-06-20 12:12:15','2020-06-20 12:12:15'),(58,9,51,2,'250','2020-06-20 12:12:15','2020-06-20 12:12:15'),(59,9,52,5,'1','2020-06-20 12:12:15','2020-06-20 12:12:15'),(60,10,57,13,'3','2020-06-20 12:17:37','2020-06-20 12:17:37'),(61,10,2,2,'500','2020-06-20 12:17:37','2020-06-20 12:17:37'),(62,10,58,2,'500','2020-06-20 12:17:37','2020-06-20 12:17:37'),(63,10,16,2,'40','2020-06-20 12:17:37','2020-06-20 12:17:37'),(64,10,47,1,'8','2020-06-20 12:17:37','2020-06-20 12:17:37'),(65,10,18,1,'1','2020-06-20 12:17:37','2020-06-20 12:17:37'),(66,10,59,2,'50','2020-06-20 12:17:37','2020-06-20 12:17:37'),(67,10,4,1,'1','2020-06-20 12:17:37','2020-06-20 12:17:37'),(68,10,14,5,'1','2020-06-20 12:17:37','2020-06-20 12:17:37'),(69,10,158,9,'2','2020-06-20 12:17:37','2020-07-05 16:34:10'),(70,10,60,1,'2','2020-06-20 12:17:37','2020-06-20 12:17:37'),(71,10,12,2,'100','2020-06-20 12:17:37','2020-06-20 12:17:37'),(72,11,69,1,'1','2020-06-20 12:22:39','2020-06-20 12:22:39'),(73,11,1,1,'3','2020-06-20 12:22:39','2020-06-20 12:22:39'),(74,11,70,1,'1','2020-06-20 12:22:39','2020-06-20 12:22:39'),(75,11,71,1,'3','2020-06-20 12:22:39','2020-06-20 12:22:39'),(76,11,47,1,'5','2020-06-20 12:22:39','2020-06-20 12:22:39'),(77,11,72,1,'3','2020-06-20 12:22:39','2020-06-20 12:22:39'),(78,11,10,5,'1','2020-06-20 12:22:39','2020-06-20 12:22:39'),(79,11,9,5,'1','2020-06-20 12:22:39','2020-06-20 12:22:39'),(80,11,18,1,'2','2020-06-20 12:22:39','2020-06-20 12:22:39'),(81,11,73,2,'70','2020-06-20 12:22:39','2020-06-20 12:22:39'),(82,11,74,6,'100','2020-06-20 12:22:39','2020-06-20 12:22:39'),(83,12,47,1,'2','2020-06-20 12:26:17','2020-06-20 12:26:17'),(84,12,4,1,'2','2020-06-20 12:26:17','2020-06-20 12:26:17'),(85,12,80,1,'8','2020-06-20 12:26:17','2020-06-20 12:26:17'),(86,12,158,9,'1','2020-06-20 12:26:17','2020-07-05 16:34:10'),(87,12,11,6,'200','2020-06-20 12:26:17','2020-06-20 12:26:17'),(88,12,81,6,'150','2020-06-20 12:26:17','2020-06-20 12:26:17'),(89,12,82,2,'500','2020-06-20 12:26:17','2020-06-20 12:26:17'),(90,12,7,5,'1','2020-06-20 12:26:17','2020-06-20 12:26:17'),(91,12,83,2,'300','2020-06-20 12:26:17','2020-06-20 12:26:17'),(104,13,89,8,'1','2020-06-20 12:32:28','2020-06-20 12:32:28'),(105,13,90,8,'1','2020-06-20 12:32:28','2020-06-20 12:32:28'),(106,13,91,8,'0.5','2020-06-20 12:32:28','2020-06-20 12:32:28'),(107,13,92,1,'1','2020-06-20 12:32:28','2020-06-20 12:32:28'),(108,13,93,8,'1','2020-06-20 12:32:28','2020-06-20 12:32:28'),(109,13,94,5,'1','2020-06-20 12:32:28','2020-06-20 12:32:28'),(110,13,95,8,'1','2020-06-20 12:32:28','2020-06-20 12:32:28'),(111,13,83,2,'400','2020-06-20 12:32:28','2020-06-20 12:32:28'),(112,13,96,1,'1','2020-06-20 12:32:28','2020-06-20 12:32:28'),(113,13,97,5,'3','2020-06-20 12:32:28','2020-06-20 12:32:28'),(114,13,98,1,'3','2020-06-20 12:32:28','2020-06-20 12:32:28'),(115,13,99,5,'1','2020-06-20 12:32:28','2020-06-20 12:32:28'),(116,13,101,2,'300','2020-06-20 12:32:28','2020-06-20 12:32:28'),(117,3,114,2,'400','2020-06-20 13:20:14','2020-06-20 13:20:14'),(118,3,48,2,'200','2020-06-20 13:20:14','2020-06-20 13:20:14'),(119,3,4,1,'1','2020-06-20 13:20:14','2020-06-20 13:20:14'),(120,3,47,1,'2','2020-06-20 13:20:14','2020-06-20 13:20:14'),(121,3,81,6,'100','2020-06-20 13:20:14','2020-06-20 13:20:14'),(122,3,11,7,'1','2020-06-20 13:20:14','2020-06-20 13:20:14'),(123,3,17,2,'300','2020-06-20 13:20:14','2020-06-20 13:20:14'),(124,3,83,2,'200','2020-06-20 13:20:14','2020-06-20 13:20:14'),(125,3,16,2,'20','2020-06-20 13:20:14','2020-06-20 13:20:14'),(126,4,2,2,'800','2020-06-20 13:27:01','2020-06-20 13:27:01'),(127,4,4,1,'1','2020-06-20 13:27:01','2020-06-20 13:27:01'),(128,4,47,1,'2','2020-06-20 13:27:01','2020-06-20 13:27:01'),(129,4,123,8,'2','2020-06-20 13:27:01','2020-06-20 13:27:01'),(130,4,124,5,'1','2020-06-20 13:27:01','2020-06-20 13:27:01'),(131,4,125,8,'0.5','2020-06-20 13:27:01','2020-06-20 13:27:01'),(132,4,126,8,'0.5','2020-06-20 13:27:01','2020-06-20 13:27:01'),(133,4,127,8,'0.5','2020-06-20 13:27:01','2020-06-20 13:27:01'),(134,4,128,8,'1','2020-06-20 13:27:01','2020-06-20 13:27:01'),(135,4,15,6,'400','2020-06-20 13:27:01','2020-06-20 13:27:01'),(136,4,158,9,'2','2020-06-20 13:27:01','2020-07-05 16:34:10'),(137,4,129,9,'1','2020-06-20 13:27:01','2020-06-20 13:27:01'),(138,4,101,2,'400','2020-06-20 13:27:01','2020-06-20 13:27:01'),(139,4,22,2,'100','2020-06-20 13:27:01','2020-06-20 13:27:01'),(140,14,137,2,'800','2020-06-21 22:48:36','2020-06-21 22:48:36'),(141,14,138,5,'1','2020-06-21 22:48:36','2020-06-21 22:48:36'),(144,15,139,1,'2','2020-07-05 11:44:08','2020-07-05 11:44:08'),(145,15,141,1,'1','2020-07-05 11:44:08','2020-07-05 11:44:08'),(146,15,17,2,'250','2020-07-05 11:44:08','2020-07-05 11:44:08'),(147,15,4,1,'1','2020-07-05 11:44:08','2020-07-05 11:44:08'),(148,15,47,1,'2','2020-07-05 11:44:08','2020-07-05 11:44:08'),(149,15,11,2,'300','2020-07-05 11:44:08','2020-07-05 11:44:08'),(150,15,74,6,'200','2020-07-05 11:44:08','2020-07-05 11:44:08'),(151,15,142,10,'1','2020-07-05 11:44:08','2020-07-05 11:44:08'),(152,15,59,5,'2','2020-07-05 11:44:08','2020-07-05 11:44:08'),(153,15,143,1,'1','2020-07-05 11:44:08','2020-07-05 11:44:08'),(154,15,144,5,'2','2020-07-05 11:44:08','2020-07-05 11:44:08'),(155,15,18,1,'1','2020-07-05 11:44:08','2020-07-05 11:44:08'),(156,15,52,5,'2','2020-07-05 11:44:08','2020-07-05 11:44:08'),(157,16,154,1,'1','2020-07-05 11:47:16','2020-07-05 11:47:16'),(158,16,1,2,'300','2020-07-05 11:47:16','2020-07-05 11:47:16'),(159,16,155,1,'1','2020-07-05 11:47:16','2020-07-05 11:47:16'),(160,16,156,1,'2','2020-07-05 11:47:16','2020-07-05 11:47:16'),(169,18,167,2,'300','2020-07-11 11:50:29','2020-07-11 11:50:29'),(170,18,1,2,'200','2020-07-11 11:50:29','2020-07-11 11:50:29'),(171,18,168,1,'2','2020-07-11 11:50:29','2020-07-11 11:50:29'),(172,18,169,1,'1','2020-07-11 11:50:29','2020-07-11 11:50:29'),(173,18,160,1,'1','2020-07-11 11:50:29','2020-07-11 11:50:29'),(174,18,170,2,'50','2020-07-11 11:50:29','2020-07-11 11:50:29'),(175,18,171,1,'1','2020-07-11 11:50:29','2020-07-11 11:50:29'),(205,17,159,2,'500','2020-07-11 15:04:52','2020-07-11 15:04:52'),(206,17,48,1,'2','2020-07-11 15:04:52','2020-07-11 15:04:52'),(207,17,83,2,'50','2020-07-11 15:04:52','2020-07-11 15:04:52'),(208,17,4,1,'1','2020-07-11 15:04:52','2020-07-11 15:04:52'),(209,17,47,1,'2','2020-07-11 15:04:52','2020-07-11 15:04:52'),(210,17,18,1,'1','2020-07-11 15:04:52','2020-07-11 15:04:52'),(211,17,16,2,'25','2020-07-11 15:04:52','2020-07-11 15:04:52'),(212,17,160,1,'1','2020-07-11 15:04:52','2020-07-11 15:04:52'),(213,5,139,1,'2','2020-07-16 09:13:47','2020-07-16 09:13:47'),(214,5,1,1,'3','2020-07-16 09:13:47','2020-07-16 09:13:47'),(215,5,170,2,'30','2020-07-16 09:13:47','2020-07-16 09:13:47'),(216,5,18,1,'1','2020-07-16 09:13:47','2020-07-16 09:13:47'),(217,20,215,9,'1','2020-07-19 12:50:59','2020-07-19 12:50:59'),(218,20,18,1,'2','2020-07-19 12:50:59','2020-07-19 12:50:59'),(219,20,216,1,'1','2020-07-19 12:50:59','2020-07-19 12:50:59'),(220,20,82,1,'4','2020-07-19 12:50:59','2020-07-19 12:50:59'),(221,20,217,9,'1','2020-07-19 12:50:59','2020-07-19 12:50:59'),(222,20,218,2,'50','2020-07-19 12:50:59','2020-07-19 12:50:59'),(223,20,219,12,'1','2020-07-19 12:50:59','2020-07-19 12:50:59'),(224,21,222,2,'400','2020-07-19 12:56:18','2020-07-19 12:56:18'),(225,21,11,6,'750','2020-07-19 12:56:18','2020-07-19 12:56:18'),(226,21,4,1,'1','2020-07-19 12:56:18','2020-07-19 12:56:18'),(227,21,47,1,'4','2020-07-19 12:56:18','2020-07-19 12:56:18'),(228,21,8,5,'2','2020-07-19 12:56:18','2020-07-19 12:56:18'),(229,21,223,8,'1','2020-07-19 12:56:18','2020-07-19 12:56:18'),(230,21,224,8,'1','2020-07-19 12:56:18','2020-07-19 12:56:18'),(231,21,93,8,'0.5','2020-07-19 12:56:18','2020-07-19 12:56:18'),(232,21,225,8,'0.5','2020-07-19 12:56:18','2020-07-19 12:56:18'),(233,21,22,2,'250','2020-07-19 12:56:18','2020-07-19 12:56:18'),(234,21,226,2,'500','2020-07-19 12:56:18','2020-07-19 12:56:18'),(235,21,52,5,'1','2020-07-19 12:56:18','2020-07-19 12:56:18'),(236,21,3,1,'1','2020-07-19 12:56:18','2020-07-19 12:56:18'),(237,22,167,2,'300','2020-07-19 12:58:03','2020-07-19 12:58:03'),(238,22,1,2,'200','2020-07-19 12:58:03','2020-07-19 12:58:03'),(239,22,235,11,'1','2020-07-19 12:58:03','2020-07-19 12:58:03'),(240,23,139,1,'1','2020-07-26 10:57:54','2020-07-26 10:57:54'),(241,23,22,2,'150','2020-07-26 10:57:54','2020-07-26 10:57:54'),(242,23,171,1,'1','2020-07-26 10:57:54','2020-07-26 10:57:54'),(243,23,169,1,'1','2020-07-26 10:57:54','2020-07-26 10:57:54'),(244,23,238,2,'50','2020-07-26 10:57:54','2020-07-26 10:57:54'),(245,23,168,1,'3','2020-07-26 10:57:54','2020-07-26 10:57:54'),(246,23,18,1,'2','2020-07-26 10:57:54','2020-07-26 10:57:54'),(247,23,239,1,'0.5','2020-07-26 10:57:54','2020-07-26 10:57:54'),(248,23,218,2,'100','2020-07-26 10:57:54','2020-07-26 10:57:54'),(249,23,219,6,'50','2020-07-26 10:57:54','2020-07-26 10:57:54'),(261,24,139,1,'2','2020-07-26 11:02:56','2020-07-26 11:02:56'),(262,24,18,1,'1','2020-07-26 11:02:56','2020-07-26 11:02:56'),(263,24,73,2,'20','2020-07-26 11:02:56','2020-07-26 11:02:56'),(264,24,170,2,'100','2020-07-26 11:02:56','2020-07-26 11:02:56'),(265,24,248,5,'4','2020-07-26 11:02:56','2020-07-26 11:02:56'),(266,24,249,5,'4','2020-07-26 11:02:56','2020-07-26 11:02:56'),(267,24,47,1,'4','2020-07-26 11:02:56','2020-07-26 11:02:56'),(268,24,250,5,'2','2020-07-26 11:02:56','2020-07-26 11:02:56'),(269,24,26,5,'1','2020-07-26 11:02:56','2020-07-26 11:02:56'),(270,24,99,5,'1','2020-07-26 11:02:56','2020-07-26 11:02:56'),(271,24,168,1,'1','2020-07-26 11:02:56','2020-07-26 11:02:56'),(272,24,259,8,'1','2020-07-26 11:02:56','2020-07-26 11:02:56'),(273,25,271,2,'500','2020-07-26 11:13:05','2020-07-26 11:13:05'),(274,25,4,1,'0.5','2020-07-26 11:13:05','2020-07-26 11:13:05'),(275,25,170,2,'50','2020-07-26 11:13:05','2020-07-26 11:13:05'),(276,25,47,1,'2','2020-07-26 11:13:05','2020-07-26 11:13:05'),(277,25,97,5,'1','2020-07-26 11:13:05','2020-07-26 11:13:05'),(278,25,123,8,'2','2020-07-26 11:13:05','2020-07-26 11:13:05'),(279,25,94,8,'2','2020-07-26 11:13:05','2020-07-26 11:13:05'),(280,25,223,8,'2','2020-07-26 11:13:05','2020-07-26 11:13:05'),(281,25,272,8,'1','2020-07-26 11:13:05','2020-07-26 11:13:05'),(282,25,125,8,'1','2020-07-26 11:13:05','2020-07-26 11:13:05'),(283,25,273,1,'0.5','2020-07-26 11:13:05','2020-07-26 11:13:05'),(284,25,239,1,'0.5','2020-07-26 11:13:05','2020-07-26 11:13:05'),(285,25,96,1,'1','2020-07-26 11:13:05','2020-07-26 11:13:05'),(286,25,274,2,'75','2020-07-26 11:13:05','2020-07-26 11:13:05'),(287,25,238,2,'75','2020-07-26 11:13:05','2020-07-26 11:13:05'),(288,25,97,5,'4','2020-07-26 11:13:05','2020-07-26 11:13:05'),(289,25,275,5,'2','2020-07-26 11:13:05','2020-07-26 11:13:05'),(290,26,288,2,'800','2020-07-26 11:28:38','2020-07-26 11:28:38'),(291,26,289,5,'2','2020-07-26 11:28:38','2020-07-26 11:28:38'),(292,26,290,8,'2','2020-07-26 11:28:38','2020-07-26 11:28:38'),(293,26,47,1,'8','2020-07-26 11:28:38','2020-07-26 11:28:38'),(294,26,99,5,'2','2020-07-26 11:28:38','2020-07-26 11:28:38'),(295,26,98,1,'3','2020-07-26 11:28:38','2020-07-26 11:28:38'),(296,26,223,8,'1','2020-07-26 11:28:38','2020-07-26 11:28:38'),(297,26,124,8,'1.5','2020-07-26 11:28:38','2020-07-26 11:28:38'),(298,26,291,8,'1','2020-07-26 11:28:38','2020-07-26 11:28:38'),(299,26,94,8,'1','2020-07-26 11:28:38','2020-07-26 11:28:38'),(300,26,272,10,'1','2020-07-26 11:28:38','2020-07-26 11:28:38'),(301,26,3,1,'1','2020-07-26 11:28:38','2020-07-26 11:28:38'),(302,26,292,8,'1','2020-07-26 11:28:38','2020-07-26 11:28:38'),(303,26,144,5,'1.5','2020-07-26 11:28:38','2020-07-26 11:28:38'),(304,26,175,1,'5','2020-07-26 11:28:38','2020-07-26 11:28:38'),(305,26,174,1,'1','2020-07-26 11:28:38','2020-07-26 11:28:38'),(306,26,4,1,'1','2020-07-26 11:28:38','2020-07-26 11:28:38'),(307,26,8,5,'3','2020-07-26 11:28:38','2020-07-26 11:28:38'),(308,26,293,6,'150','2020-07-26 11:28:38','2020-07-26 11:28:38'),(309,26,249,5,'2','2020-07-26 11:28:38','2020-07-26 11:28:38'),(310,26,97,5,'1','2020-07-26 11:28:38','2020-07-26 11:28:38'),(311,27,170,5,'2','2020-07-26 11:33:39','2020-07-26 11:33:39'),(312,27,9,5,'1','2020-07-26 11:33:39','2020-07-26 11:33:39'),(313,27,52,5,'2','2020-07-26 11:33:39','2020-07-26 11:33:39'),(314,27,10,5,'1','2020-07-26 11:33:39','2020-07-26 11:33:39'),(315,27,47,1,'2','2020-07-26 11:33:39','2020-07-26 11:33:39'),(316,27,144,2,'50','2020-07-26 11:33:39','2020-07-26 11:33:39'),(317,27,309,1,'1','2020-07-26 11:33:39','2020-07-26 11:33:39'),(324,29,322,2,'140','2020-07-26 11:40:53','2020-07-26 11:40:53'),(325,29,323,2,'180','2020-07-26 11:40:53','2020-07-26 11:40:53'),(326,29,324,2,'410','2020-07-26 11:40:53','2020-07-26 11:40:53'),(327,29,325,2,'160','2020-07-26 11:40:53','2020-07-26 11:40:53'),(328,29,144,2,'150','2020-07-26 11:40:53','2020-07-26 11:40:53'),(329,29,326,8,'1','2020-07-26 11:40:53','2020-07-26 11:40:53'),(330,30,328,1,'2','2020-07-26 11:45:29','2020-07-26 11:45:29'),(331,30,144,5,'4','2020-07-26 11:45:29','2020-07-26 11:45:29'),(332,30,17,2,'300','2020-07-26 11:45:29','2020-07-26 11:45:29'),(333,30,47,1,'6','2020-07-26 11:45:29','2020-07-26 11:45:29'),(334,30,9,5,'4','2020-07-26 11:45:29','2020-07-26 11:45:29'),(335,30,81,6,'200','2020-07-26 11:45:29','2020-07-26 11:45:29'),(336,30,329,5,'1','2020-07-26 11:45:29','2020-07-26 11:45:29'),(337,30,3,1,'1','2020-07-26 11:45:29','2020-07-26 11:45:29'),(338,30,330,10,'1','2020-07-26 11:45:29','2020-07-26 11:45:29'),(339,30,1,2,'300','2020-07-26 11:45:29','2020-07-26 11:45:29'),(340,31,338,1,'4','2020-07-26 11:50:23','2020-07-26 11:50:23'),(341,31,339,2,'50','2020-07-26 11:50:23','2020-07-26 11:50:23'),(342,31,18,1,'1','2020-07-26 11:50:23','2020-07-26 11:50:23'),(343,31,293,5,'2','2020-07-26 11:50:23','2020-07-26 11:50:23'),(344,31,144,2,'40','2020-07-26 11:50:23','2020-07-26 11:50:23'),(345,31,340,2,'165','2020-07-26 11:50:23','2020-07-26 11:50:23'),(346,31,160,1,'0.5','2020-07-26 11:50:23','2020-07-26 11:50:23'),(347,31,341,5,'2','2020-07-26 11:50:23','2020-07-26 11:50:23'),(348,31,99,5,'1','2020-07-26 11:50:23','2020-07-26 11:50:23'),(349,31,47,1,'1','2020-07-26 11:50:23','2020-07-26 11:50:23'),(350,31,342,5,'2','2020-07-26 11:50:23','2020-07-26 11:50:23'),(351,31,343,1,'1','2020-07-26 11:50:23','2020-07-26 11:50:23'),(352,32,144,2,'100','2020-07-26 11:51:50','2020-07-26 11:51:50'),(353,32,350,2,'100','2020-07-26 11:51:50','2020-07-26 11:51:50'),(354,32,351,5,'1','2020-07-26 11:51:50','2020-07-26 11:51:50'),(355,32,352,2,'150','2020-07-26 11:51:50','2020-07-26 11:51:50'),(356,32,353,1,'3','2020-07-26 11:51:50','2020-07-26 11:51:50'),(357,33,355,2,'450','2020-07-26 11:55:16','2020-07-26 11:55:16'),(358,33,356,2,'50','2020-07-26 11:55:16','2020-07-26 11:55:16'),(359,33,73,2,'180','2020-07-26 11:55:16','2020-07-26 11:55:16'),(360,33,272,10,'1','2020-07-26 11:55:16','2020-07-26 11:55:16'),(361,33,323,2,'110','2020-07-26 11:55:16','2020-07-26 11:55:16'),(362,33,144,2,'110','2020-07-26 11:55:16','2020-07-26 11:55:16'),(363,33,357,5,'1','2020-07-26 11:55:16','2020-07-26 11:55:16'),(364,33,358,5,'1','2020-07-26 11:55:16','2020-07-26 11:55:16'),(365,33,359,11,'1','2020-07-26 11:55:16','2020-07-26 11:55:16'),(366,34,364,1,'1','2020-07-26 11:59:42','2020-07-26 11:59:42'),(367,34,365,12,'1','2020-07-26 11:59:42','2020-07-26 11:59:42'),(368,34,356,2,'50','2020-07-26 11:59:42','2020-07-26 11:59:42'),(369,34,249,5,'4','2020-07-26 11:59:42','2020-07-26 11:59:42'),(370,34,329,5,'2','2020-07-26 11:59:42','2020-07-26 11:59:42'),(371,35,369,1,'6','2020-07-26 12:04:11','2020-07-26 12:04:11'),(372,35,80,1,'2','2020-07-26 12:04:11','2020-07-26 12:04:11'),(373,35,156,1,'2','2020-07-26 12:04:11','2020-07-26 12:04:11'),(374,35,18,1,'3','2020-07-26 12:04:11','2020-07-26 12:04:11'),(375,35,74,6,'25','2020-07-26 12:04:11','2020-07-26 12:04:11'),(376,35,52,10,'1','2020-07-26 12:04:11','2020-07-26 12:04:11'),(377,19,99,5,'2','2020-09-19 16:18:42','2020-09-19 16:18:42'),(378,19,47,1,'5','2020-09-19 16:18:42','2020-09-19 16:18:42'),(379,19,60,1,'3','2020-09-19 16:18:42','2020-09-19 16:18:42'),(380,19,174,1,'1','2020-09-19 16:18:42','2020-09-19 16:18:42'),(381,19,175,1,'8','2020-09-19 16:18:42','2020-09-19 16:18:42'),(382,19,176,1,'4','2020-09-19 16:18:42','2020-09-19 16:18:42'),(383,19,89,8,'0.5','2020-09-19 16:18:42','2020-09-19 16:18:42'),(384,19,4,1,'1','2020-09-19 16:18:42','2020-09-19 16:18:42'),(385,19,94,5,'1','2020-09-19 16:18:42','2020-09-19 16:18:42'),(386,19,123,5,'1','2020-09-19 16:18:42','2020-09-19 16:18:42'),(387,19,158,9,'1','2020-09-19 16:18:42','2020-09-19 16:18:42'),(388,19,139,3,'1.5','2020-09-19 16:18:42','2020-09-19 16:18:42'),(389,19,124,8,'0.5','2020-09-19 16:18:42','2020-09-19 16:18:42'),(390,19,177,5,'3','2020-09-19 16:18:42','2020-09-19 16:18:42'),(391,19,101,2,'100','2020-09-19 16:18:42','2020-09-19 16:18:42'),(392,36,139,1,'3','2020-10-04 11:45:29','2020-10-04 11:45:29'),(393,36,98,1,'2','2020-10-04 11:45:29','2020-10-04 11:45:29'),(394,36,158,9,'1','2020-10-04 11:45:29','2020-10-04 11:45:29'),(395,36,123,8,'1','2020-10-04 11:45:29','2020-10-04 11:45:29'),(396,36,126,8,'1','2020-10-04 11:45:29','2020-10-04 11:45:29'),(397,36,127,8,'1','2020-10-04 11:45:29','2020-10-04 11:45:29'),(398,36,223,8,'1','2020-10-04 11:45:29','2020-10-04 11:45:29'),(399,36,390,8,'1','2020-10-04 11:45:29','2020-10-04 11:45:29'),(400,36,391,8,'1','2020-10-04 11:45:29','2020-10-04 11:45:29'),(401,36,392,1,'1','2020-10-04 11:45:29','2020-10-04 11:45:29'),(402,37,400,1,'1','2020-10-18 11:19:06','2020-10-18 11:19:06'),(403,37,139,1,'1','2020-10-18 11:19:06','2020-10-18 11:19:06'),(404,37,401,6,'330','2020-10-18 11:19:06','2020-10-18 11:19:06'),(405,37,402,2,'125','2020-10-18 11:19:06','2020-10-18 11:19:06'),(415,6,80,1,'4','2020-10-18 11:43:13','2020-10-18 11:43:13'),(416,6,1,2,'200','2020-10-18 11:43:13','2020-10-18 11:43:13'),(417,6,273,1,'1','2020-10-18 11:43:13','2020-10-18 11:43:13'),(418,38,4,1,'1','2020-10-18 12:00:32','2020-10-18 12:00:32'),(419,38,47,1,'2','2020-10-18 12:00:32','2020-10-18 12:00:32'),(420,38,404,2,'250','2020-10-18 12:00:32','2020-10-18 12:00:32'),(421,38,405,2,'250','2020-10-18 12:00:32','2020-10-18 12:00:32'),(422,38,406,2,'100','2020-10-18 12:00:32','2020-10-18 12:00:32'),(423,38,60,1,'1','2020-10-18 12:00:32','2020-10-18 12:00:32'),(424,38,8,2,'75','2020-10-18 12:00:32','2020-10-18 12:00:32'),(425,38,15,6,'200','2020-10-18 12:00:32','2020-10-18 12:00:32'),(426,38,407,2,'150','2020-10-18 12:00:32','2020-10-18 12:00:32'),(427,38,416,2,'400','2020-10-18 12:00:32','2020-10-18 12:00:32'),(428,39,17,2,'500','2020-10-24 14:34:47','2020-10-24 14:34:47'),(429,39,72,1,'2','2020-10-24 14:34:47','2020-10-24 14:34:47'),(430,39,47,1,'1','2020-10-24 14:34:47','2020-10-24 14:34:47'),(431,39,9,5,'1','2020-10-24 14:34:47','2020-10-24 14:34:47'),(432,39,293,6,'250','2020-10-24 14:34:47','2020-10-24 14:34:47'),(433,39,426,2,'200','2020-10-24 14:34:47','2020-10-24 14:34:47'),(434,39,18,1,'2','2020-10-24 14:34:47','2020-10-24 14:34:47'),(435,40,4,1,'1','2020-10-24 14:50:22','2020-10-24 14:50:22'),(436,40,99,5,'1','2020-10-24 14:50:22','2020-10-24 14:50:22'),(437,40,93,5,'1','2020-10-24 14:50:22','2020-10-24 14:50:22'),(438,40,433,5,'2','2020-10-24 14:50:22','2020-10-24 14:50:22'),(439,40,11,6,'300','2020-10-24 14:50:22','2020-10-24 14:50:22'),(440,40,401,6,'100','2020-10-24 14:50:22','2020-10-24 14:50:22'),(441,40,434,2,'120','2020-10-24 14:50:22','2020-10-24 14:50:22'),(442,40,139,1,'2','2020-10-24 14:50:22','2020-10-24 14:50:22'),(443,40,18,1,'2','2020-10-24 14:50:22','2020-10-24 14:50:22'),(444,40,170,2,'100','2020-10-24 14:50:22','2020-10-24 14:50:22'),(445,41,4,1,'2','2021-01-10 15:20:57','2021-01-10 15:20:57'),(446,41,47,1,'1','2021-01-10 15:20:57','2021-01-10 15:20:57'),(447,41,17,2,'500','2021-01-10 15:20:57','2021-01-10 15:20:57'),(448,41,11,7,'1','2021-01-10 15:20:57','2021-01-10 15:20:57'),(449,41,177,6,'75','2021-01-10 15:20:57','2021-01-10 15:20:57'),(450,41,52,11,'1','2021-01-10 15:20:57','2021-01-10 15:20:57'),(451,42,2,2,'800','2021-01-10 15:25:07','2021-01-10 15:25:07'),(452,42,4,1,'1','2021-01-10 15:25:07','2021-01-10 15:25:07'),(453,42,449,1,'2','2021-01-10 15:25:07','2021-01-10 15:25:07'),(454,42,47,1,'4','2021-01-10 15:25:07','2021-01-10 15:25:07'),(455,42,8,5,'2','2021-01-10 15:25:07','2021-01-10 15:25:07'),(456,42,15,6,'250','2021-01-10 15:25:07','2021-01-10 15:25:07'),(457,42,9,10,'1','2021-01-10 15:25:07','2021-01-10 15:25:07'),(458,42,158,9,'2','2021-01-10 15:25:07','2021-01-10 15:25:07'),(459,42,450,11,'1','2021-01-10 15:25:07','2021-01-10 15:25:07'),(460,42,73,2,'75','2021-01-10 15:25:07','2021-01-10 15:25:07'),(461,42,74,6,'750','2021-01-10 15:25:07','2021-01-10 15:25:07'),(462,42,329,5,'1','2021-01-10 15:25:07','2021-01-10 15:25:07'),(463,42,142,10,'1','2021-01-10 15:25:07','2021-01-10 15:25:07'),(464,43,462,1,'2','2021-01-16 16:59:21','2021-01-16 16:59:21'),(465,43,463,1,'6','2021-01-16 16:59:21','2021-01-16 16:59:21'),(466,43,47,1,'4','2021-01-16 16:59:21','2021-01-16 16:59:21'),(467,43,17,2,'150','2021-01-16 16:59:21','2021-01-16 16:59:21'),(468,43,60,1,'1','2021-01-16 16:59:21','2021-01-16 16:59:21'),(469,43,10,1,'2','2021-01-16 16:59:21','2021-01-16 16:59:21'),(470,43,9,1,'2','2021-01-16 16:59:21','2021-01-16 16:59:21'),(471,43,464,6,'75','2021-01-16 16:59:21','2021-01-16 16:59:21'),(472,43,11,6,'450','2021-01-16 16:59:21','2021-01-16 16:59:21'),(473,43,52,10,'1','2021-01-16 16:59:21','2021-01-16 16:59:21'),(474,44,426,2,'300','2021-01-16 17:00:27','2021-01-16 17:00:27'),(475,44,18,1,'2','2021-01-16 17:00:27','2021-01-16 17:00:27'),(476,44,472,1,'3','2021-01-16 17:00:27','2021-01-16 17:00:27'),(477,45,475,11,'1','2021-01-16 17:04:00','2021-01-16 17:04:00'),(478,45,144,5,'2','2021-01-16 17:04:00','2021-01-16 17:04:00'),(479,45,47,1,'4','2021-01-16 17:04:00','2021-01-16 17:04:00'),(480,45,225,5,'1','2021-01-16 17:04:00','2021-01-16 17:04:00'),(481,45,226,2,'200','2021-01-16 17:04:00','2021-01-16 17:04:00'),(482,45,476,11,'1','2021-01-16 17:04:00','2021-01-16 17:04:00'),(483,45,3,1,'1','2021-01-16 17:04:00','2021-01-16 17:04:00'),(484,45,52,5,'2','2021-01-16 17:04:00','2021-01-16 17:04:00'),(485,8,21,2,'600','2021-01-16 17:06:55','2021-01-16 17:06:55'),(486,8,22,2,'300','2021-01-16 17:06:55','2021-01-16 17:06:55'),(487,8,23,1,'3','2021-01-16 17:06:55','2021-01-16 17:06:55'),(488,8,24,1,'2','2021-01-16 17:06:55','2021-01-16 17:06:55'),(489,8,25,5,'3','2021-01-16 17:06:55','2021-01-16 17:06:55'),(490,8,26,5,'1','2021-01-16 17:06:55','2021-01-16 17:06:55'),(491,8,483,1,'4','2021-01-16 17:06:55','2021-01-16 17:06:55'),(498,28,139,1,'2','2021-01-30 16:49:28','2021-01-30 16:49:28'),(499,28,316,2,'25','2021-01-30 16:49:28','2021-01-30 16:49:28'),(500,28,317,8,'1','2021-01-30 16:49:28','2021-01-30 16:49:28'),(501,28,18,1,'1','2021-01-30 16:49:28','2021-01-30 16:49:28'),(502,28,318,2,'25','2021-01-30 16:49:28','2021-01-30 16:49:28'),(503,28,52,5,'2','2021-01-30 16:49:28','2021-01-30 16:49:28');
/*!40000 ALTER TABLE `part` ENABLE KEYS */;
UNLOCK TABLES;

--
-- Table structure for table `recipe`
--

DROP TABLE IF EXISTS `recipe`;
/*!40101 SET @saved_cs_client     = @@character_set_client */;
/*!40101 SET character_set_client = utf8 */;
CREATE TABLE `recipe` (
  `id` int(11) NOT NULL AUTO_INCREMENT,
  `name` varchar(255) NOT NULL,
  `created_at` datetime NOT NULL DEFAULT CURRENT_TIMESTAMP,
  `updated_at` datetime NOT NULL DEFAULT CURRENT_TIMESTAMP ON UPDATE CURRENT_TIMESTAMP,
  `slug` varchar(60) NOT NULL,
  `remote_url` varchar(255) DEFAULT NULL,
  PRIMARY KEY (`id`),
  KEY `idx_recipe_slug` (`slug`)
) ENGINE=InnoDB AUTO_INCREMENT=47 DEFAULT CHARSET=utf8;
/*!40101 SET character_set_client = @saved_cs_client */;

--
-- Dumping data for table `recipe`
--

LOCK TABLES `recipe` WRITE;
/*!40000 ALTER TABLE `recipe` DISABLE KEYS */;
INSERT INTO `recipe` VALUES (1,'Shepherds Pie','2020-06-07 14:53:40','2020-06-15 23:48:43','shepherds-pie','https://www.thecoast.net.nz/life/food-recipes/gordon-ramsay-s-shepherds-pie/'),(2,'Spaghetti Bolognese','2020-06-08 22:59:32','2020-06-08 22:59:32','spaghetti-bolognese',''),(3,'Pea and Pancetta Risotto','2020-06-14 11:52:37','2020-06-20 13:20:14','pea-and-pancetta-risotto',''),(4,'Chilli Con Carne','2020-06-14 11:58:43','2020-06-20 13:27:01','chilli-con-carne',''),(5,'Kotlety','2020-06-14 12:04:09','2020-06-27 23:14:03','kotlety',''),(6,'Sausage and Mash','2020-06-14 21:38:18','2020-10-18 11:43:13','sausage-and-mash',''),(7,'Fish Pie','2020-06-14 21:46:57','2020-06-14 21:46:57','fish-pie',''),(8,'Pork and Chorizo Burgers','2020-06-14 22:38:06','2020-06-14 22:38:06','pork-and-chorizo-burgers',''),(9,'Pasta with Beans and Kale','2020-06-20 12:12:15','2020-06-20 12:12:15','pasta-with-beans-and-kale',''),(10,'Spaghetti and Meatballs','2020-06-20 12:17:37','2020-06-20 12:17:37','spaghetti-and-meatballs','https://natashaskitchen.com/spaghetti-and-meatballs-recipe/'),(11,'Roast Beef','2020-06-20 12:22:39','2020-06-20 12:22:39','roast-beef',''),(12,'Sausage, Pea and Potato Casserole','2020-06-20 12:26:17','2020-06-20 12:26:17','sausage,-pea-and-potato-casserole','https://www.waitrose.com/home/recipes/recipe_directory/s/sausage__pea_and_potato_casserole.html'),(13,'Pea and Cauliflower Curry','2020-06-20 12:30:52','2020-06-20 12:30:52','pea-and-cauliflower-curry',''),(14,'Lamb Bhuna','2020-06-21 22:48:36','2020-06-21 22:48:36','lamb-bhuna',''),(15,'Chicken, Leek & Mushroom Pie','2020-07-05 11:44:07','2020-07-05 11:44:07','chicken,-leek-&-mushroom-pie',''),(16,'Duck with Cabbage','2020-07-05 11:47:16','2020-07-05 11:47:16','duck-with-cabbage',''),(17,'Pea and Pancetta Pasta','2020-07-11 10:50:47','2020-07-11 15:04:52','pea-&-pancetta-pasta',''),(18,'Fish Cakes','2020-07-11 11:50:29','2020-07-11 11:50:29','fish-cakes',''),(19,'Chicken Korma','2020-07-11 12:01:48','2020-09-19 16:18:42','chicken-korma','Madhur Jaffrey book'),(20,'Nicoise Salad','2020-07-19 12:50:59','2020-07-19 12:50:59','nicoise-salad','https://www.bbc.co.uk/food/recipes/saladenicoise_6572'),(21,'Prawn & Chorizo Paella','2020-07-19 12:56:18','2020-07-19 12:56:18','prawn-&-chorizo-paella','https://www.foxandbriar.com/shrimp-chorizo-paella/'),(22,'Pan Fried Salmon','2020-07-19 12:58:03','2020-07-19 12:58:03','pan-fried-salmon',''),(23,'Chicken and Chorizo Salad','2020-07-26 10:57:54','2020-07-26 10:57:54','chicken-and-chorizo-salad',''),(24,'Sticky Garlic Chicken Bites','2020-07-26 11:02:20','2020-07-26 11:02:20','sticky-garlic-chicken-bites','https://tasty.co/recipe/sticky-garlic-chicken-bites'),(25,'Lamb Kofta and Salad','2020-07-26 11:13:05','2020-07-26 11:13:05','lamb-kofta-and-salad','https://www.recipetineats.com/lamb-koftas-yoghurt-dressing-2/'),(26,'Butter Chicken','2020-07-26 11:28:38','2020-07-26 11:28:38','butter-chicken','http://maunikagowardhan.co.uk/cook-in-a-curry/tandoori-chicken-tikka-barbecue-chicken-cooked-in-a-chilli-garlic-marinade/,  https://maunikagowardhan.co.uk/cook-in-a-curry/butter-chicken-murgh-makhani-chicken-cooked-in-a-spiced-tomato-gravy/'),(27,'Rack of Lamb','2020-07-26 11:33:39','2020-07-26 11:33:39','rack-of-lamb',''),(28,'Almond Chicken (migdałowe)','2020-07-26 11:39:12','2021-01-30 16:49:28','almond-chicken-(migda?owce)',''),(29,'French Macarons','2020-07-26 11:40:53','2020-07-26 11:40:53','french-macarons',''),(30,'Seared Pork Chops With Mushrooms','2020-07-26 11:45:29','2020-07-26 11:45:29','seared-pork-chops-with-mushrooms',''),(31,'Prawn French Toast ','2020-07-26 11:50:23','2020-07-26 11:50:23','prawn-french-toast-','Marcus Wareing Book'),(32,'Smartie Cookies','2020-07-26 11:51:50','2020-07-26 11:51:50','smartie-cookies',''),(33,'Apple Crumble','2020-07-26 11:55:16','2020-07-26 11:55:16','apple-crumble','https://www.bbcgoodfood.com/recipes/vegan-apple-crumble'),(34,'Roast Glazed Ham','2020-07-26 11:59:42','2020-07-26 11:59:42','roast-glazed-ham',''),(35,'Full English Breakfast Cups','2020-07-26 12:04:11','2020-07-26 12:04:11','full-english-breakfast-cups',''),(36,'Chicken Tacos','2020-10-04 11:45:28','2020-10-04 11:45:28','chicken-tacos','https://carlsbadcravings.com/easy-slow-cooker-shredded-mexican-chicken-recipe/'),(37,'Singapore Laksa','2020-10-18 11:19:06','2020-10-18 11:19:06','singapore-laksa',''),(38,'Baked Nduja Rigatoni','2020-10-18 11:34:59','2020-10-18 11:34:59','baked-nduja-rigatoni','https://www.channel4.com/programmes/sunday-brunch/articles/latest-recipes/baked-rigatoni-with-nduja-rago/6156'),(39,'Mushroom Ravioli','2020-10-24 14:34:47','2020-10-24 14:34:47','mushroom-ravioli','https://www.insidetherustickitchen.com/mushroom-ravioli (ish)'),(40,'Chicken katsu curry','2020-10-24 14:50:22','2020-10-24 14:50:22','chicken-katsu-curry','https://www.goodtoknow.co.uk/recipes/wagamama-chicken-katsu-curry'),(41,'Mushroom Soup','2021-01-10 15:20:57','2021-01-10 15:20:57','mushroom-soup','https://www.bbcgoodfood.com/recipes/mushroom-soup'),(42,'Lasagne (Dairy Free)','2021-01-10 15:25:07','2021-01-10 15:25:07','lasagne-(dairy-free)','https://www.waitrose.com/home/recipes/recipe_directory/d/dairy-and-glutenfreelasagne.html'),(43,'Chicken Fricassee','2021-01-16 16:59:21','2021-01-16 16:59:21','chicken-fricassee','https://goodyfoodies.blogspot.com/2014/08/recipe-chicken-fricassee-gordon-ramsay.html'),(44,'Fresh Egg Pasta','2021-01-16 17:00:27','2021-01-16 17:00:27','fresh-egg-pasta','https://www.saltfatacidheat.com/fat/pasta-alluovo'),(45,'Pasta with Prawns and Spinach','2021-01-16 17:04:00','2021-01-16 17:04:00','pasta-with-prawns-and-spinach','https://tasty.co/recipe/one-pot-lemon-garlic-shrimp-pasta');
/*!40000 ALTER TABLE `recipe` ENABLE KEYS */;
UNLOCK TABLES;

--
-- Table structure for table `unit`
--

DROP TABLE IF EXISTS `unit`;
/*!40101 SET @saved_cs_client     = @@character_set_client */;
/*!40101 SET character_set_client = utf8 */;
CREATE TABLE `unit` (
  `id` int(11) NOT NULL AUTO_INCREMENT COMMENT 'primary key',
  `name` varchar(255) NOT NULL,
  `created_at` datetime NOT NULL DEFAULT CURRENT_TIMESTAMP,
  `updated_at` datetime NOT NULL DEFAULT CURRENT_TIMESTAMP ON UPDATE CURRENT_TIMESTAMP,
  PRIMARY KEY (`id`)
) ENGINE=InnoDB AUTO_INCREMENT=14 DEFAULT CHARSET=latin1;
/*!40101 SET character_set_client = @saved_cs_client */;

--
-- Dumping data for table `unit`
--

LOCK TABLES `unit` WRITE;
/*!40000 ALTER TABLE `unit` DISABLE KEYS */;
INSERT INTO `unit` VALUES (1,'','2020-06-08 20:00:42','2020-06-08 20:00:42'),(2,'gram','2020-06-08 20:29:26','2020-06-08 20:29:26'),(3,'kilogram','2020-06-08 20:31:59','2020-06-08 20:31:59'),(4,'clove','2020-06-08 20:35:45','2020-06-08 20:35:45'),(5,'tablespoon','2020-06-08 20:35:58','2020-06-11 22:26:19'),(6,'millilitre','2020-06-08 20:36:08','2020-06-11 22:25:49'),(7,'litre','2020-06-11 22:24:17','2020-06-11 22:24:17'),(8,'teaspoon','2020-06-11 22:26:07','2020-06-11 22:26:07'),(9,'tin','2020-06-11 22:26:49','2020-06-11 22:26:49'),(10,'pinch','2020-06-11 22:26:52','2020-06-11 22:26:52'),(11,'packet','2020-06-11 22:27:17','2020-06-11 22:27:17'),(12,'bottle','2020-06-11 22:27:31','2020-06-11 22:27:31'),(13,'slice','2020-06-20 12:14:23','2020-06-20 12:14:23');
/*!40000 ALTER TABLE `unit` ENABLE KEYS */;
UNLOCK TABLES;
/*!40103 SET TIME_ZONE=@OLD_TIME_ZONE */;

/*!40101 SET SQL_MODE=@OLD_SQL_MODE */;
/*!40014 SET FOREIGN_KEY_CHECKS=@OLD_FOREIGN_KEY_CHECKS */;
/*!40014 SET UNIQUE_CHECKS=@OLD_UNIQUE_CHECKS */;
/*!40101 SET CHARACTER_SET_CLIENT=@OLD_CHARACTER_SET_CLIENT */;
/*!40101 SET CHARACTER_SET_RESULTS=@OLD_CHARACTER_SET_RESULTS */;
/*!40101 SET COLLATION_CONNECTION=@OLD_COLLATION_CONNECTION */;
/*!40111 SET SQL_NOTES=@OLD_SQL_NOTES */;

-- Dump completed on 2021-02-04 23:01:22
